1,Barham,1980-09-07,4,Female
2,Goodbody,1990-03-10,9,Female
3,Rays,1982-04-08,7,Female
4,Smillie,2001-04-27,3,Female
5,McAne,1990-10-20,3,Female
6,Estabrook,1999-08-31,3,Female
7,Philippon,1989-02-14,4,Female
8,Coppledike,2004-05-19,3,Male
9,McKechnie,1990-06-12,6,Female
10,Sollowaye,1994-01-04,4,Male
11,Kershaw,2002-08-07,7,Female
12,Micka,1998-01-07,1,Female
13,Lucey,1985-03-17,6,Male
14,Stoyles,2002-01-03,8,Female
15,Haysom,2001-09-21,1,Female
16,Franzonetti,1984-09-17,1,Female
17,Donan,1995-10-05,6,Female
18,Skiplorne,1992-07-22,1,Male
19,Cordobes,2003-01-16,8,Male
20,Dollman,2000-04-07,2,Female
21,Jentet,1991-05-31,6,Female
22,Sausman,1997-01-28,4,Female
23,Cutress,1988-08-06,7,Female
24,Wardell,1980-11-06,8,Female
25,Brimfield,1994-05-29,3,Male
26,Biesterfeld,1996-06-10,4,Female
27,Mc Andrew,1981-04-15,3,Female
28,Rodgman,1986-01-11,6,Male
29,Onge,1994-05-24,4,Female
30,Wilsey,1984-03-18,2,Female
31,Karolewski,1992-04-03,3,Female
32,Handscombe,2004-04-27,4,Male
33,Osgarby,1988-03-18,9,Male
34,Pethrick,1998-11-25,1,Female
35,Okill,2002-01-29,1,Female
36,Imorts,1991-07-04,6,Male
37,Wrankling,1993-03-06,9,Male
38,Langstone,1981-10-24,9,Male
39,Evert,2003-09-08,4,Male
40,Archbell,1981-05-28,9,Female
41,Sodor,1983-04-30,3,Female
42,Ickovici,1997-10-11,4,Male
43,Cluitt,1981-12-22,9,Female
44,Suarez,1986-09-08,2,Male
45,Bromwich,1987-11-09,4,Female
46,Lagne,1989-06-07,6,Female
47,Scrivener,1984-01-25,9,Female
48,McLernon,1987-12-05,5,Male
49,MacSherry,1989-05-15,5,Male
50,Eadie,1982-12-05,9,Male
